광역시도,평균기온,평균풍속,평균강수량,DATE
강원도,-3.48,2.06,2.07,2019-01
강원도,-1.12,1.82,22.44,2019-02
강원도,4.3,2.18,41.57,2019-03
강원도,9.15,2.13,55.95,2019-04
강원도,16.84,2.24,18.88,2019-05
강원도,19.03,1.62,115.98,2019-06
강원도,22.68,1.74,243.34,2019-07
강원도,23.4,1.56,191.71,2019-08
강원도,18.73,1.45,206.64,2019-09
강원도,12.65,1.63,126.09,2019-10
강원도,5.08,1.7,78.0,2019-11
강원도,-0.6,2.0,9.25,2019-12
강원도,-0.79,1.84,89.76,2020-01
강원도,0.11,2.03,54.0,2020-02
강원도,5.07,2.19,28.03,2020-03
강원도,8.11,2.44,35.83,2020-04
강원도,15.46,2.02,141.14,2020-05
강원도,21.05,1.83,141.49,2020-06
강원도,20.7,1.62,322.91,2020-07
강원도,23.88,1.72,603.77,2020-08
강원도,17.31,1.88,353.99,2020-09
강원도,10.32,1.64,3.8,2020-10
강원도,5.42,2.08,44.6,2020-11
강원도,-3.29,2.25,2.64,2020-12
강원도,-5.16,2.29,7.75,2021-01
강원도,0.17,2.55,4.0,2021-02
강원도,5.8,2.01,96.1,2021-03
강원도,10.52,2.16,106.43,2021-04
강원도,14.22,2.06,174.71,2021-05
강원도,19.28,1.59,84.52,2021-06
강원도,24.02,1.34,150.4,2021-07
강원도,22.01,1.48,232.64,2021-08
강원도,18.43,1.59,152.15,2021-09
강원도,12.11,1.55,120.23,2021-10
강원도,5.29,2.21,43.01,2021-11
강원도,-1.59,2.37,10.79,2021-12
강원도,-4.72,1.91,2.67,2022-01
강원도,-3.74,2.52,8.63,2022-02
강원도,4.63,2.18,92.63,2022-03
강원도,11.62,2.35,39.11,2022-04
강원도,15.62,2.27,11.27,2022-05
강원도,19.82,2.02,308.38,2022-06
강원도,23.51,1.36,229.97,2022-07
강원도,22.64,1.6,424.96,2022-08
강원도,17.88,1.63,211.11,2022-09
강원도,10.76,1.61,176.04,2022-10
강원도,6.65,1.81,60.41,2022-11
강원도,-5.45,2.41,4.17,2022-12
강원도,-4.58,2.07,44.09,2023-01
강원도,-0.81,1.83,8.29,2023-02
강원도,6.55,2.09,12.9,2023-03
강원도,10.64,2.38,69.05,2023-04
강원도,15.82,1.92,117.01,2023-05
강원도,20.27,1.79,213.89,2023-06
강원도,23.96,1.67,287.15,2023-07
강원도,23.7,1.56,321.23,2023-08
강원도,19.69,1.38,173.62,2023-09
강원도,11.7,1.66,30.67,2023-10
강원도,4.61,2.49,71.63,2023-11
강원도,-1.59,2.21,114.47,2023-12
강원도,-2.87,2.02,14.74,2024-01
강원도,0.48,1.63,77.57,2024-02
강원도,3.76,2.1,52.33,2024-03
강원도,12.87,1.91,38.29,2024-04
강원도,15.58,2.1,105.21,2024-05
강원도,20.99,1.66,130.2,2024-06
강원도,24.3,2.03,375.36,2024-07
강원도,25.44,1.53,108.31,2024-08
강원도,20.84,1.55,275.24,2024-09
강원도,12.93,1.56,130.36,2024-10
경기도,-3.04,1.19,0.1,2019-01
경기도,-0.41,1.25,22.2,2019-02
경기도,5.47,1.65,31.67,2019-03
경기도,10.67,1.6,38.53,2019-04
경기도,17.74,1.69,27.14,2019-05
경기도,21.06,1.34,66.03,2019-06
경기도,24.76,1.47,234.28,2019-07
경기도,25.52,1.2,151.48,2019-08
경기도,20.78,1.17,201.17,2019-09
경기도,14.29,1.16,54.56,2019-10
경기도,5.8,1.15,75.77,2019-11
경기도,0.08,1.18,19.0,2019-12
경기도,0.17,1.17,60.03,2020-01
경기도,1.38,1.38,48.29,2020-02
경기도,6.4,1.79,15.88,2020-03
경기도,9.83,2.07,17.64,2020-04
경기도,17.03,1.51,110.78,2020-05
경기도,22.69,1.44,103.47,2020-06
경기도,23.01,1.41,267.51,2020-07
경기도,25.66,1.41,706.06,2020-08
경기도,19.68,1.5,156.94,2020-09
경기도,11.92,1.16,4.8,2020-10
경기도,6.21,1.35,67.71,2020-11
경기도,-2.16,1.3,2.49,2020-12
경기도,-4.11,1.46,12.17,2021-01
경기도,1.2,1.75,5.6,2021-02
경기도,7.4,1.59,91.9,2021-03
경기도,12.68,1.75,101.58,2021-04
경기도,15.73,1.6,174.44,2021-05
경기도,21.55,1.32,73.76,2021-06
경기도,26.41,1.18,119.27,2021-07
경기도,24.39,1.25,163.23,2021-08
경기도,20.88,1.35,139.29,2021-09
경기도,13.74,1.16,59.3,2021-10
경기도,6.34,1.29,69.5,2021-11
경기도,-0.96,1.43,5.75,2021-12
경기도,-4.02,1.22,1.65,2022-01
경기도,-2.63,1.75,4.94,2022-02
경기도,6.14,1.66,80.35,2022-03
경기도,12.89,1.78,30.47,2022-04
경기도,17.14,1.75,8.82,2022-05
경기도,21.94,1.69,379.92,2022-06
경기도,25.88,1.22,230.59,2022-07
경기도,24.5,1.31,511.69,2022-08
경기도,20.18,1.32,188.8,2022-09
경기도,12.41,1.2,123.21,2022-10
경기도,7.67,1.19,62.29,2022-11
경기도,-4.86,1.28,8.12,2022-12
경기도,-3.57,1.36,38.15,2023-01
경기도,0.36,1.35,0.28,2023-02
경기도,7.75,1.57,8.95,2023-03
경기도,12.35,1.7,76.04,2023-04
경기도,17.78,1.44,136.99,2023-05
경기도,22.04,1.36,167.42,2023-06
경기도,25.49,1.29,436.78,2023-07
경기도,25.9,1.26,229.94,2023-08
경기도,21.91,1.1,118.97,2023-09
경기도,13.38,1.05,38.86,2023-10
경기도,5.49,1.6,81.65,2023-11
경기도,-0.28,1.43,76.17,2023-12
경기도,-1.91,1.33,11.95,2024-01
경기도,2.52,1.41,59.35,2024-02
경기도,5.65,1.78,31.8,2024-03
경기도,14.75,1.46,38.49,2024-04
경기도,17.01,1.5,122.3,2024-05
경기도,22.81,1.33,105.67,2024-06
경기도,25.77,1.56,487.35,2024-07
경기도,27.85,1.14,112.36,2024-08
경기도,23.86,1.22,161.75,2024-09
경기도,14.59,1.06,76.26,2024-10
경상남도,1.43,2.06,12.48,2019-01
경상남도,3.88,1.95,39.8,2019-02
경상남도,8.34,2.26,48.88,2019-03
경상남도,12.13,2.0,103.89,2019-04
경상남도,18.03,1.93,100.53,2019-05
경상남도,20.87,1.66,244.69,2019-06
경상남도,24.06,1.9,307.08,2019-07
경상남도,25.68,1.57,94.79,2019-08
경상남도,21.74,1.81,301.0,2019-09
경상남도,16.06,1.83,199.67,2019-10
경상남도,9.59,1.74,21.0,2019-11
경상남도,3.68,1.8,37.69,2019-12
경상남도,3.77,1.93,107.64,2020-01
경상남도,4.83,2.06,54.91,2020-02
경상남도,8.67,2.28,41.88,2020-03
경상남도,11.21,2.42,65.33,2020-04
경상남도,17.61,2.01,101.69,2020-05
경상남도,22.42,1.81,249.54,2020-06
경상남도,22.25,1.57,576.38,2020-07
경상남도,26.6,1.86,402.21,2020-08
경상남도,20.18,1.81,251.91,2020-09
경상남도,14.5,1.75,22.69,2020-10
경상남도,9.36,1.86,39.03,2020-11
경상남도,1.66,2.01,7.77,2020-12
경상남도,0.87,2.17,18.0,2021-01
경상남도,4.76,2.46,34.7,2021-02
경상남도,9.68,2.14,133.18,2021-03
경상남도,13.38,2.32,70.93,2021-04
경상남도,17.05,2.08,129.31,2021-05
경상남도,21.55,1.66,119.28,2021-06
경상남도,25.55,1.74,374.05,2021-07
경상남도,25.16,1.66,333.83,2021-08
경상남도,21.48,1.8,126.49,2021-09
경상남도,15.78,1.49,41.8,2021-10
경상남도,8.75,1.78,51.68,2021-11
경상남도,2.95,2.11,2.46,2021-12
경상남도,0.82,1.88,0.19,2022-01
경상남도,1.39,2.49,0.12,2022-02
경상남도,8.7,2.1,96.36,2022-03
경상남도,13.89,1.93,89.51,2022-04
경상남도,18.15,1.93,2.96,2022-05
경상남도,22.05,2.22,142.25,2022-06
경상남도,25.83,1.66,172.74,2022-07
경상남도,25.48,1.71,175.52,2022-08
경상남도,21.25,1.97,171.38,2022-09
경상남도,14.71,1.83,21.87,2022-10
경상남도,10.43,1.64,56.86,2022-11
경상남도,0.82,2.15,8.97,2022-12
경상남도,1.07,2.06,56.45,2023-01
경상남도,4.02,1.85,26.53,2023-02
경상남도,10.08,1.81,49.68,2023-03
경상남도,13.36,2.24,83.61,2023-04
경상남도,17.36,1.84,259.33,2023-05
경상남도,22.04,1.75,243.9,2023-06
경상남도,25.05,1.61,471.33,2023-07
경상남도,26.57,1.7,445.02,2023-08
경상남도,22.84,1.43,215.1,2023-09
경상남도,15.03,1.5,6.91,2023-10
경상남도,8.98,2.07,65.68,2023-11
경상남도,3.78,1.95,90.99,2023-12
경상남도,2.38,2.04,32.67,2024-01
경상남도,5.33,2.02,136.76,2024-02
경상남도,7.81,2.28,95.55,2024-03
경상남도,14.75,1.63,143.77,2024-04
경상남도,17.75,1.99,154.76,2024-05
경상남도,22.12,1.64,188.77,2024-06
경상남도,26.04,1.97,290.94,2024-07
경상남도,27.6,1.59,93.29,2024-08
경상남도,25.03,1.47,266.49,2024-09
경상남도,16.97,1.67,154.88,2024-10
경상북도,-0.23,1.99,7.48,2019-01
경상북도,2.02,1.76,21.89,2019-02
경상북도,7.05,1.98,29.41,2019-03
경상북도,11.24,1.79,88.39,2019-04
경상북도,18.08,1.81,40.56,2019-05
경상북도,20.48,1.47,153.03,2019-06
경상북도,23.95,1.5,170.55,2019-07
경상북도,25.13,1.37,151.93,2019-08
경상북도,20.72,1.31,206.37,2019-09
경상북도,14.58,1.47,225.54,2019-10
경상북도,7.74,1.47,46.73,2019-11
경상북도,1.76,1.69,23.89,2019-12
경상북도,2.06,1.78,91.15,2020-01
경상북도,2.93,1.89,59.01,2020-02
경상북도,7.44,2.01,23.15,2020-03
경상북도,10.39,2.27,39.66,2020-04
경상북도,17.22,1.8,71.6,2020-05
경상북도,22.36,1.57,157.82,2020-06
경상북도,21.65,1.3,410.38,2020-07
경상북도,26.12,1.44,273.21,2020-08
경상북도,19.22,1.66,223.71,2020-09
경상북도,12.91,1.5,6.26,2020-10
경상북도,7.73,1.78,34.64,2020-11
경상북도,-0.29,2.03,3.39,2020-12
경상북도,-1.58,2.07,11.13,2021-01
경상북도,3.0,2.26,13.73,2021-02
경상북도,8.21,1.84,100.85,2021-03
경상북도,12.31,2.02,77.0,2021-04
경상북도,15.98,1.75,133.14,2021-05
경상북도,21.07,1.39,60.99,2021-06
경상북도,25.18,1.27,214.46,2021-07
경상북도,23.93,1.24,301.35,2021-08
경상북도,20.22,1.4,152.66,2021-09
경상북도,14.22,1.31,80.01,2021-10
경상북도,7.44,1.75,39.41,2021-11
경상북도,1.37,2.18,4.15,2021-12
경상북도,-1.07,1.85,1.98,2022-01
경상북도,-0.5,2.41,2.97,2022-02
경상북도,7.19,1.91,71.57,2022-03
경상북도,13.36,1.92,41.86,2022-04
경상북도,17.85,1.87,5.16,2022-05
경상북도,22.0,1.88,103.23,2022-06
경상북도,25.34,1.38,122.84,2022-07
경상북도,24.64,1.39,218.02,2022-08
경상북도,19.8,1.49,129.82,2022-09
경상북도,13.01,1.51,58.99,2022-10
경상북도,8.65,1.49,67.2,2022-11
경상북도,-1.76,2.14,6.14,2022-12
경상북도,-1.14,1.98,26.48,2023-01
경상북도,2.08,1.69,13.33,2023-02
경상북도,9.08,1.77,31.47,2023-03
경상북도,12.5,2.06,46.31,2023-04
경상북도,17.22,1.67,156.58,2023-05
경상북도,21.92,1.58,200.42,2023-06
경상북도,24.99,1.37,382.76,2023-07
경상북도,25.85,1.46,328.37,2023-08
경상북도,21.73,1.22,211.28,2023-09
경상북도,13.52,1.34,11.03,2023-10
경상북도,7.24,2.02,35.25,2023-11
경상북도,1.59,1.9,117.26,2023-12
경상북도,0.31,1.93,28.1,2024-01
경상북도,3.33,1.69,89.56,2024-02
경상북도,6.33,2.1,68.05,2024-03
경상북도,14.3,1.62,60.36,2024-04
경상북도,17.11,1.84,92.56,2024-05
경상북도,22.28,1.5,101.58,2024-06
경상북도,26.01,1.66,311.11,2024-07
경상북도,27.11,1.4,65.74,2024-08
경상북도,23.65,1.32,205.05,2024-09
경상북도,15.24,1.35,96.98,2024-10
광주광역시,0.13,2.2,13.56,2019-01
광주광역시,2.18,2.25,30.44,2019-02
광주광역시,6.8,2.58,34.94,2019-03
광주광역시,11.67,2.11,88.32,2019-04
광주광역시,17.74,2.38,92.94,2019-05
광주광역시,20.98,1.64,176.8,2019-06
광주광역시,24.32,2.24,184.48,2019-07
광주광역시,25.92,1.92,99.66,2019-08
광주광역시,21.77,2.09,183.74,2019-09
광주광역시,15.38,1.78,152.48,2019-10
광주광역시,9.0,2.2,28.22,2019-11
광주광역시,3.04,2.21,28.2,2019-12
광주광역시,2.99,2.36,60.76,2020-01
광주광역시,3.76,2.16,41.3,2020-02
광주광역시,7.44,2.64,38.14,2020-03
광주광역시,9.75,2.79,53.72,2020-04
광주광역시,17.45,2.48,113.1,2020-05
광주광역시,22.35,2.08,193.68,2020-06
광주광역시,22.44,2.1,541.26,2020-07
광주광역시,26.67,2.58,573.28,2020-08
광주광역시,20.09,2.05,202.8,2020-09
광주광역시,13.89,1.95,12.18,2020-10
광주광역시,8.91,2.24,20.92,2020-11
광주광역시,1.02,2.21,13.34,2020-12
광주광역시,-0.04,2.36,28.98,2021-01
광주광역시,3.68,2.63,27.86,2021-02
광주광역시,9.12,2.28,122.24,2021-03
광주광역시,13.16,2.57,37.28,2021-04
광주광역시,16.84,2.5,138.16,2021-05
광주광역시,21.98,1.95,113.48,2021-06
광주광역시,25.79,2.21,309.36,2021-07
광주광역시,24.83,1.82,316.68,2021-08
광주광역시,21.71,2.2,124.78,2021-09
광주광역시,15.51,1.8,28.42,2021-10
광주광역시,8.37,2.04,73.58,2021-11
광주광역시,2.37,2.23,7.5,2021-12
광주광역시,-0.09,1.98,1.1,2022-01
광주광역시,0.06,2.44,1.96,2022-02
광주광역시,7.98,2.36,110.98,2022-03
광주광역시,13.73,2.08,53.2,2022-04
광주광역시,17.4,2.06,8.42,2022-05
광주광역시,22.46,2.48,106.24,2022-06
광주광역시,25.59,2.2,199.54,2022-07
광주광역시,25.42,2.21,107.56,2022-08
광주광역시,21.38,2.16,95.06,2022-09
광주광역시,13.97,1.94,47.52,2022-10
광주광역시,9.79,1.89,45.08,2022-11
광주광역시,-0.66,2.12,24.24,2022-12
광주광역시,-0.01,2.09,34.62,2023-01
광주광역시,2.55,2.0,14.7,2023-02
광주광역시,9.35,2.16,35.68,2023-03
광주광역시,12.82,2.34,64.9,2023-04
광주광역시,17.78,2.16,206.52,2023-05
광주광역시,22.01,2.05,361.5,2023-06
광주광역시,25.17,2.14,666.78,2023-07
광주광역시,26.28,1.72,297.94,2023-08
광주광역시,22.75,1.48,151.0,2023-09
광주광역시,14.92,1.59,11.48,2023-10
광주광역시,8.44,2.34,67.78,2023-11
광주광역시,3.51,1.38,83.94,2023-12
광주광역시,1.61,1.85,34.54,2024-01
광주광역시,4.89,1.68,113.62,2024-02
광주광역시,6.9,1.84,79.68,2024-03
광주광역시,15.24,1.36,85.54,2024-04
광주광역시,17.83,1.85,118.08,2024-05
광주광역시,22.42,1.64,141.96,2024-06
광주광역시,26.09,2.1,266.32,2024-07
광주광역시,27.45,1.42,126.14,2024-08
광주광역시,25.09,1.35,197.22,2024-09
광주광역시,16.32,1.4,109.04,2024-10
대구광역시,-0.42,1.7,6.07,2019-01
대구광역시,2.33,1.72,20.85,2019-02
대구광역시,8.0,1.92,24.1,2019-03
대구광역시,12.52,1.79,83.99,2019-04
대구광역시,19.28,1.81,40.03,2019-05
대구광역시,22.19,1.59,143.56,2019-06
대구광역시,25.05,1.56,125.42,2019-07
대구광역시,26.36,1.33,138.11,2019-08
대구광역시,21.78,1.24,202.58,2019-09
대구광역시,15.39,1.2,173.79,2019-10
대구광역시,8.3,1.22,16.61,2019-11
대구광역시,2.01,1.41,23.26,2019-12
대구광역시,2.53,1.51,65.42,2020-01
대구광역시,3.78,1.69,48.17,2020-02
대구광역시,8.55,1.95,21.08,2020-03
대구광역시,11.58,2.16,31.83,2020-04
대구광역시,18.66,1.83,52.6,2020-05
대구광역시,23.79,1.63,166.86,2020-06
대구광역시,22.96,1.36,397.79,2020-07
대구광역시,27.59,1.64,328.99,2020-08
대구광역시,20.25,1.48,163.08,2020-09
대구광역시,13.83,1.36,9.68,2020-10
대구광역시,8.19,1.49,26.07,2020-11
대구광역시,0.01,1.64,1.62,2020-12
대구광역시,-0.92,1.66,9.85,2021-01
대구광역시,3.58,1.9,15.03,2021-02
대구광역시,9.28,1.69,95.85,2021-03
대구광역시,13.67,1.95,53.14,2021-04
대구광역시,17.28,1.71,109.64,2021-05
대구광역시,22.62,1.47,49.92,2021-06
대구광역시,26.32,1.41,244.47,2021-07
대구광역시,24.96,1.21,261.69,2021-08
대구광역시,21.22,1.33,113.62,2021-09
대구광역시,15.1,1.22,54.33,2021-10
대구광역시,7.88,1.35,36.96,2021-11
대구광역시,1.7,1.69,0.22,2021-12
대구광역시,-0.69,1.5,0.11,2022-01
대구광역시,0.33,2.04,0.0,2022-02
대구광역시,8.59,1.81,40.47,2022-03
대구광역시,14.64,1.74,36.47,2022-04
대구광역시,19.23,1.76,5.16,2022-05
대구광역시,23.5,2.08,99.41,2022-06
대구광역시,26.94,1.54,103.09,2022-07
대구광역시,25.77,1.41,156.38,2022-08
대구광역시,20.95,1.44,81.2,2022-09
대구광역시,14.12,1.39,22.82,2022-10
대구광역시,9.02,1.3,47.32,2022-11
대구광역시,-1.51,1.65,3.42,2022-12
대구광역시,-1.2,1.56,14.74,2023-01
대구광역시,2.57,1.49,8.8,2023-02
대구광역시,10.19,1.58,32.19,2023-03
대구광역시,13.62,1.92,33.7,2023-04
대구광역시,18.46,1.61,181.03,2023-05
대구광역시,23.19,1.56,180.92,2023-06
대구광역시,26.01,1.43,360.96,2023-07
대구광역시,27.01,1.45,399.76,2023-08
대구광역시,22.71,1.11,184.81,2023-09
대구광역시,14.29,1.09,5.62,2023-10
대구광역시,7.6,1.66,29.73,2023-11
대구광역시,2.06,1.44,91.72,2023-12
대구광역시,0.79,1.56,18.58,2024-01
대구광역시,4.35,1.52,64.73,2024-02
대구광역시,7.3,1.81,68.85,2024-03
대구광역시,15.35,1.35,60.28,2024-04
대구광역시,18.31,1.68,84.34,2024-05
대구광역시,23.61,1.43,98.0,2024-06
대구광역시,27.08,1.69,309.45,2024-07
대구광역시,28.27,1.44,79.88,2024-08
대구광역시,25.03,1.26,190.08,2024-09
대구광역시,16.0,1.12,78.55,2024-10
대전광역시,-0.91,0.75,1.1,2019-01
대전광역시,1.28,0.85,37.85,2019-02
대전광역시,6.88,1.19,28.0,2019-03
대전광역시,11.92,1.15,90.95,2019-04
대전광역시,18.29,1.16,37.05,2019-05
대전광역시,21.41,0.82,71.7,2019-06
대전광역시,24.73,0.94,251.35,2019-07
대전광역시,26.02,0.99,118.65,2019-08
대전광역시,21.52,0.85,203.9,2019-09
대전광역시,15.06,0.69,100.25,2019-10
대전광역시,7.74,0.74,56.2,2019-11
대전광역시,1.76,0.75,22.9,2019-12
대전광역시,2.0,0.79,65.7,2020-01
대전광역시,2.77,0.99,77.35,2020-02
대전광역시,7.52,1.26,21.0,2020-03
대전광역시,10.67,1.73,16.5,2020-04
대전광역시,18.13,1.32,83.65,2020-05
대전광역시,23.24,1.09,217.5,2020-06
대전광역시,23.06,1.05,582.4,2020-07
대전광역시,26.65,1.02,398.2,2020-08
대전광역시,20.16,0.99,192.9,2020-09
대전광역시,13.18,0.75,3.0,2020-10
대전광역시,7.94,0.92,42.5,2020-11
대전광역시,-0.22,0.79,3.45,2020-12
대전광역시,-1.64,0.98,14.1,2021-01
대전광역시,3.29,1.32,10.6,2021-02
대전광역시,8.74,1.14,93.1,2021-03
대전광역시,13.71,1.45,50.75,2021-04
대전광역시,16.86,1.26,140.75,2021-05
대전광역시,22.53,1.02,106.85,2021-06
대전광역시,26.71,1.12,184.0,2021-07
대전광역시,24.82,0.98,261.7,2021-08
대전광역시,21.61,1.33,161.55,2021-09
대전광역시,14.66,0.92,46.0,2021-10
대전광역시,7.52,1.23,44.5,2021-11
대전광역시,0.84,1.26,3.55,2021-12
대전광역시,-2.02,1.15,0.5,2022-01
대전광역시,-0.97,1.53,1.55,2022-02
대전광역시,7.13,1.49,86.25,2022-03
대전광역시,13.31,1.45,78.85,2022-04
대전광역시,17.48,1.49,10.3,2022-05
대전광역시,22.66,1.47,102.3,2022-06
대전광역시,25.64,1.23,171.35,2022-07
대전광역시,24.74,1.21,435.65,2022-08
대전광역시,20.55,1.32,95.55,2022-09
대전광역시,13.04,1.04,93.35,2022-10
대전광역시,8.44,1.05,56.55,2022-11
대전광역시,-2.7,1.12,10.25,2022-12
대전광역시,-1.66,1.22,30.45,2023-01
대전광역시,1.57,1.18,7.3,2023-02
대전광역시,9.15,1.39,27.1,2023-03
대전광역시,12.93,1.57,57.0,2023-04
대전광역시,17.74,1.23,181.5,2023-05
대전광역시,22.54,1.27,121.25,2023-06
대전광역시,25.06,1.06,621.85,2023-07
대전광역시,26.15,1.05,289.3,2023-08
대전광역시,21.92,0.95,288.85,2023-09
대전광역시,13.86,1.04,17.4,2023-10
대전광역시,6.94,1.34,41.6,2023-11
대전광역시,1.83,1.19,113.85,2023-12
대전광역시,-0.14,1.08,45.05,2024-01
대전광역시,3.78,1.2,89.75,2024-02
대전광역시,6.59,1.54,60.95,2024-03
대전광역시,15.1,1.22,37.0,2024-04
대전광역시,17.27,1.27,125.05,2024-05
대전광역시,22.51,1.17,70.4,2024-06
대전광역시,25.79,1.23,428.95,2024-07
대전광역시,27.45,0.95,51.9,2024-08
대전광역시,24.76,1.13,233.75,2024-09
대전광역시,15.08,1.04,121.6,2024-10
부산광역시,3.9,2.32,15.75,2019-01
부산광역시,6.01,2.21,48.04,2019-02
부산광역시,10.08,2.45,78.28,2019-03
부산광역시,12.99,2.34,85.49,2019-04
부산광역시,19.09,2.28,83.81,2019-05
부산광역시,20.88,2.07,323.4,2019-06
부산광역시,24.26,2.39,375.1,2019-07
부산광역시,26.46,2.07,172.63,2019-08
부산광역시,22.6,2.37,256.62,2019-09
부산광역시,17.71,2.36,158.81,2019-10
부산광역시,11.91,2.1,24.21,2019-11
부산광역시,5.95,2.05,48.49,2019-12
부산광역시,5.7,2.46,135.19,2020-01
부산광역시,6.46,2.41,84.26,2020-02
부산광역시,9.91,2.64,54.34,2020-03
부산광역시,12.21,2.69,81.44,2020-04
부산광역시,17.84,2.33,80.82,2020-05
부산광역시,22.49,2.16,304.22,2020-06
부산광역시,22.22,2.03,677.33,2020-07
부산광역시,27.14,2.35,301.15,2020-08
부산광역시,21.4,2.61,230.24,2020-09
부산광역시,16.35,2.18,29.99,2020-10
부산광역시,11.34,2.21,43.45,2020-11
부산광역시,3.43,2.42,8.94,2020-12
부산광역시,2.51,2.61,22.83,2021-01
부산광역시,6.48,2.83,49.68,2021-02
부산광역시,10.69,2.61,154.08,2021-03
부산광역시,14.07,2.74,105.97,2021-04
부산광역시,17.41,2.34,143.15,2021-05
부산광역시,21.48,2.1,184.18,2021-06
부산광역시,25.89,2.34,397.39,2021-07
부산광역시,25.7,2.08,413.5,2021-08
부산광역시,22.34,2.5,149.63,2021-09
부산광역시,17.56,2.0,22.44,2021-10
부산광역시,11.09,2.03,62.68,2021-11
부산광역시,4.83,2.42,3.89,2021-12
부산광역시,2.85,2.26,0.38,2022-01
부산광역시,2.86,2.72,0.11,2022-02
부산광역시,9.82,2.5,114.29,2022-03
부산광역시,14.29,2.43,119.75,2022-04
부산광역시,18.64,2.22,7.22,2022-05
부산광역시,21.62,2.79,144.4,2022-06
부산광역시,25.87,1.95,134.68,2022-07
부산광역시,26.01,2.19,168.11,2022-08
부산광역시,22.16,2.6,185.82,2022-09
부산광역시,16.46,2.31,10.23,2022-10
부산광역시,13.0,1.97,57.31,2022-11
부산광역시,2.55,2.36,13.46,2022-12
부산광역시,2.93,2.52,62.19,2023-01
부산광역시,5.86,2.22,31.85,2023-02
부산광역시,11.4,2.32,73.81,2023-03
부산광역시,14.14,2.8,107.0,2023-04
부산광역시,17.5,2.31,293.29,2023-05
부산광역시,22.05,2.09,144.3,2023-06
부산광역시,25.29,2.05,537.51,2023-07
부산광역시,27.03,2.28,350.33,2023-08
부산광역시,23.59,1.97,360.95,2023-09
부산광역시,16.89,1.89,3.99,2023-10
부산광역시,10.81,2.3,35.46,2023-11
부산광역시,5.36,2.25,97.51,2023-12
부산광역시,3.96,2.38,39.38,2024-01
부산광역시,6.6,2.57,129.99,2024-02
부산광역시,8.8,2.69,96.41,2024-03
부산광역시,15.13,2.12,143.76,2024-04
부산광역시,17.95,2.36,124.72,2024-05
부산광역시,22.25,1.87,156.94,2024-06
부산광역시,25.94,2.35,252.01,2024-07
부산광역시,28.11,2.21,91.22,2024-08
부산광역시,25.54,2.05,409.32,2024-09
부산광역시,18.57,2.17,196.62,2024-10
제주도,4.0,4.5,18.5,2019-01
제주도,5.7,3.9,54.0,2019-02
제주도,8.4,4.3,51.5,2019-03
제주도,12.7,3.3,60.0,2019-04
제주도,17.6,3.8,413.5,2019-05
제주도,19.1,2.8,262.0,2019-06
제주도,,,481.5,2019-07
제주도,,,0.0,2019-08
서울특별시,-0.7,1.45,0.01,2019-01
서울특별시,1.25,1.48,22.99,2019-02
서울특별시,7.23,1.73,30.76,2019-03
서울특별시,12.18,1.62,42.06,2019-04
서울특별시,19.36,1.72,30.83,2019-05
서울특별시,22.43,1.5,75.14,2019-06
서울특별시,25.85,1.65,242.47,2019-07
서울특별시,27.07,1.4,202.98,2019-08
서울특별시,22.53,1.45,151.71,2019-09
서울특별시,16.31,1.39,52.5,2019-10
서울특별시,7.76,1.36,87.9,2019-11
서울특별시,1.78,1.44,18.91,2019-12
서울특별시,1.85,1.35,55.52,2020-01
서울특별시,2.77,1.54,44.39,2020-02
서울특별시,7.91,1.81,14.86,2020-03
서울특별시,11.27,2.09,17.81,2020-04
서울특별시,18.13,1.56,94.33,2020-05
서울특별시,23.89,1.55,114.65,2020-06
서울특별시,24.07,1.56,264.26,2020-07
서울특별시,26.53,1.56,666.37,2020-08
서울특별시,21.26,1.64,162.12,2020-09
서울특별시,14.23,1.37,3.73,2020-10
서울특별시,8.1,1.48,99.45,2020-11
서울특별시,-0.18,1.52,2.29,2020-12
서울특별시,-2.3,1.62,16.4,2021-01
서울특별시,2.81,1.8,3.79,2021-02
서울특별시,8.98,1.6,97.62,2021-03
서울특별시,14.17,1.76,113.82,2021-04
서울특별시,17.01,1.64,174.0,2021-05
서울특별시,22.78,1.47,91.42,2021-06
서울특별시,27.9,1.41,131.38,2021-07
서울특별시,25.73,1.51,217.66,2021-08
서울특별시,22.49,1.64,120.18,2021-09
서울특별시,15.59,1.4,48.49,2021-10
서울특별시,8.33,1.39,69.22,2021-11
서울특별시,0.89,1.59,5.11,2021-12
서울특별시,-1.93,1.46,0.85,2022-01
서울특별시,-0.81,1.82,3.54,2022-02
서울특별시,7.78,1.71,85.65,2022-03
서울특별시,14.41,1.81,21.3,2022-04
서울특별시,18.69,1.81,7.48,2022-05
서울특별시,22.94,1.79,381.66,2022-06
서울특별시,27.08,1.45,266.25,2022-07
서울특별시,25.59,1.51,603.13,2022-08
서울특별시,22.12,1.56,213.68,2022-09
서울특별시,14.29,1.43,127.0,2022-10
서울특별시,9.8,1.38,68.19,2022-11
서울특별시,-2.8,1.56,7.22,2022-12
서울특별시,-1.55,1.57,42.25,2023-01
서울특별시,2.17,1.52,0.65,2023-02
서울특별시,9.53,1.61,9.7,2023-03
서울특별시,13.61,1.73,87.93,2023-04
서울특별시,19.16,1.58,149.6,2023-05
서울특별시,23.13,1.47,160.26,2023-06
서울특별시,26.42,1.47,471.05,2023-07
서울특별시,26.96,1.49,268.68,2023-08
서울특별시,23.34,1.35,119.88,2023-09
서울특별시,15.51,1.26,31.49,2023-10
서울특별시,6.84,1.77,83.0,2023-11
서울특별시,1.18,1.66,79.84,2023-12
서울특별시,-0.53,1.54,13.62,2024-01
서울특별시,3.86,1.59,56.71,2024-02
서울특별시,6.94,1.85,29.85,2024-03
서울특별시,16.07,1.53,33.82,2024-04
서울특별시,18.26,1.62,111.35,2024-05
서울특별시,24.13,1.52,108.08,2024-06
서울특별시,26.44,1.7,466.61,2024-07
서울특별시,28.99,1.43,107.43,2024-08
서울특별시,25.19,1.44,158.72,2024-09
서울특별시,16.37,1.28,64.31,2024-10
세종시,-1.8,1.15,0.12,2019-01
세종시,0.34,1.21,25.15,2019-02
세종시,6.29,1.69,22.31,2019-03
세종시,11.54,1.43,76.88,2019-04
세종시,17.9,1.48,32.29,2019-05
세종시,21.51,1.08,108.29,2019-06
세종시,25.05,1.27,216.67,2019-07
세종시,25.8,0.97,159.26,2019-08
세종시,21.09,0.97,140.33,2019-09
세종시,14.46,0.92,90.9,2019-10
세종시,6.82,0.92,108.52,2019-11
세종시,0.9,1.05,17.86,2019-12
세종시,1.2,1.04,65.76,2020-01
세종시,2.1,1.25,67.64,2020-02
세종시,7.03,1.69,20.4,2020-03
세종시,10.26,1.94,19.55,2020-04
세종시,17.82,1.49,79.98,2020-05
세종시,23.1,1.23,175.79,2020-06
세종시,23.11,1.03,430.69,2020-07
세종시,26.58,1.3,420.83,2020-08
세종시,19.92,1.2,177.67,2020-09
세종시,12.18,0.94,12.55,2020-10
세종시,6.95,1.11,39.76,2020-11
세종시,-1.05,1.17,1.69,2020-12
세종시,-2.93,1.33,14.4,2021-01
세종시,2.42,1.79,9.6,2021-02
세종시,8.1,1.51,90.0,2021-03
세종시,13.26,1.8,53.64,2021-04
세종시,16.36,1.6,134.43,2021-05
세종시,22.31,1.31,60.43,2021-06
세종시,26.58,1.3,173.83,2021-07
세종시,24.71,1.12,276.36,2021-08
세종시,21.23,1.34,198.43,2021-09
세종시,14.2,0.95,37.26,2021-10
세종시,7.15,1.17,55.38,2021-11
세종시,0.26,1.3,4.31,2021-12
세종시,-2.49,1.12,0.57,2022-01
세종시,-1.23,1.65,2.29,2022-02
세종시,7.18,1.62,65.67,2022-03
세종시,13.51,1.59,52.98,2022-04
세종시,18.01,1.68,8.05,2022-05
세종시,23.22,1.83,148.9,2022-06
세종시,26.47,1.24,180.9,2022-07
세종시,25.21,1.47,417.62,2022-08
세종시,20.83,1.28,145.48,2022-09
세종시,13.06,1.09,97.26,2022-10
세종시,8.08,1.03,43.52,2022-11
세종시,-3.51,1.12,12.9,2022-12
세종시,-2.19,1.23,25.31,2023-01
세종시,1.18,1.22,2.98,2023-02
세종시,8.86,1.57,17.67,2023-03
세종시,13.06,1.69,42.83,2023-04
세종시,18.2,1.34,180.05,2023-05
세종시,22.93,1.41,137.14,2023-06
세종시,25.77,1.24,746.1,2023-07
세종시,26.6,1.1,296.4,2023-08
세종시,22.39,0.93,314.38,2023-09
세종시,13.96,0.97,9.1,2023-10
세종시,6.83,1.52,49.14,2023-11
세종시,1.42,1.28,112.29,2023-12
세종시,-0.66,1.25,37.17,2024-01
세종시,3.37,1.4,103.83,2024-02
세종시,6.47,1.81,48.67,2024-03
세종시,15.27,1.34,49.62,2024-04
세종시,17.57,1.44,136.88,2024-05
세종시,23.09,1.31,106.48,2024-06
세종시,26.41,1.57,501.57,2024-07
세종시,28.08,1.08,91.79,2024-08
세종시,24.76,1.12,264.36,2024-09
세종시,14.97,1.05,111.21,2024-10
울산광역시,3.55,2.75,16.04,2019-01
울산광역시,5.16,2.71,31.91,2019-02
울산광역시,9.43,2.92,50.91,2019-03
울산광역시,12.1,2.73,105.88,2019-04
울산광역시,18.38,2.46,51.36,2019-05
울산광역시,19.81,2.25,244.75,2019-06
울산광역시,23.14,2.76,272.55,2019-07
울산광역시,25.28,2.3,222.96,2019-08
울산광역시,21.56,2.64,374.07,2019-09
울산광역시,16.88,3.02,251.02,2019-10
울산광역시,11.21,2.51,49.61,2019-11
울산광역시,5.52,2.4,41.12,2019-12
울산광역시,5.12,2.95,167.34,2020-01
울산광역시,5.78,2.65,68.41,2020-02
울산광역시,9.22,2.94,48.54,2020-03
울산광역시,11.65,3.11,78.86,2020-04
울산광역시,17.03,2.55,51.89,2020-05
울산광역시,21.38,2.28,212.27,2020-06
울산광역시,21.11,2.15,579.88,2020-07
울산광역시,25.58,2.67,171.75,2020-08
울산광역시,20.39,3.19,205.77,2020-09
울산광역시,15.64,2.65,23.73,2020-10
울산광역시,10.89,2.47,30.89,2020-11
울산광역시,3.22,2.55,6.46,2020-12
울산광역시,2.01,2.9,20.05,2021-01
울산광역시,6.15,2.96,30.93,2021-02
울산광역시,10.11,2.91,158.57,2021-03
울산광역시,13.17,3.01,88.46,2021-04
울산광역시,16.67,2.61,121.27,2021-05
울산광역시,20.56,2.24,108.05,2021-06
울산광역시,24.8,2.41,237.23,2021-07
울산광역시,24.68,2.4,447.84,2021-08
울산광역시,21.59,2.96,169.04,2021-09
울산광역시,17.35,2.57,70.04,2021-10
울산광역시,11.4,2.51,36.8,2021-11
울산광역시,4.71,2.57,3.05,2021-12
울산광역시,2.54,2.43,1.16,2022-01
울산광역시,2.4,2.66,2.73,2022-02
울산광역시,9.34,2.82,74.68,2022-03
울산광역시,13.9,2.84,84.34,2022-04
울산광역시,18.06,2.5,7.66,2022-05
울산광역시,20.89,3.12,186.95,2022-06
울산광역시,24.54,1.85,124.07,2022-07
울산광역시,24.62,2.39,127.66,2022-08
울산광역시,21.26,3.02,342.16,2022-09
울산광역시,15.6,2.63,37.32,2022-10
울산광역시,12.47,2.22,49.59,2022-11
울산광역시,2.01,2.61,11.36,2022-12
울산광역시,2.55,2.69,49.46,2023-01
울산광역시,5.26,2.6,39.21,2023-02
울산광역시,11.01,2.64,74.82,2023-03
울산광역시,13.6,3.22,68.02,2023-04
울산광역시,16.95,2.63,240.46,2023-05
울산광역시,21.19,2.27,162.14,2023-06
울산광역시,24.09,2.3,325.05,2023-07
울산광역시,25.78,2.65,337.43,2023-08
울산광역시,22.62,2.49,311.32,2023-09
울산광역시,16.42,2.17,6.77,2023-10
울산광역시,10.43,2.53,31.73,2023-11
울산광역시,4.99,2.38,134.21,2023-12
울산광역시,3.59,2.62,48.7,2024-01
울산광역시,5.92,3.29,133.07,2024-02
울산광역시,8.34,3.12,85.27,2024-03
울산광역시,14.54,2.45,111.38,2024-04
울산광역시,17.36,2.74,81.82,2024-05
울산광역시,21.55,1.94,123.12,2024-06
울산광역시,24.58,2.64,184.23,2024-07
울산광역시,26.8,2.45,147.75,2024-08
울산광역시,24.44,2.43,281.3,2024-09
울산광역시,17.99,2.81,195.91,2024-10
인천광역시,-0.59,2.1,0.02,2019-01
인천광역시,0.46,1.92,18.63,2019-02
인천광역시,5.62,2.3,23.98,2019-03
인천광역시,10.31,2.01,28.23,2019-04
인천광역시,16.32,2.22,30.06,2019-05
인천광역시,19.92,1.82,50.01,2019-06
인천광역시,23.86,2.08,198.73,2019-07
인천광역시,25.89,1.72,109.67,2019-08
인천광역시,21.86,1.79,229.35,2019-09
인천광역시,16.26,1.84,30.09,2019-10
인천광역시,8.07,2.15,70.03,2019-11
인천광역시,2.29,2.33,25.88,2019-12
인천광역시,1.75,1.99,45.57,2020-01
인천광역시,2.11,2.19,45.29,2020-02
인천광역시,6.37,2.76,10.51,2020-03
인천광역시,9.79,3.03,13.14,2020-04
인천광역시,15.46,2.24,96.96,2020-05
인천광역시,20.59,2.06,122.24,2020-06
인천광역시,22.26,2.01,268.8,2020-07
인천광역시,25.11,2.51,363.72,2020-08
인천광역시,20.97,2.24,185.73,2020-09
인천광역시,14.52,2.1,3.67,2020-10
인천광역시,8.24,2.3,54.06,2020-11
인천광역시,0.6,2.36,3.9,2020-12
인천광역시,-2.07,2.45,13.16,2021-01
인천광역시,1.65,2.69,3.87,2021-02
인천광역시,6.65,2.19,86.17,2021-03
인천광역시,11.95,2.45,97.65,2021-04
인천광역시,15.13,2.47,169.35,2021-05
인천광역시,20.31,1.84,64.22,2021-06
인천광역시,25.77,1.76,82.01,2021-07
인천광역시,24.78,1.98,220.63,2021-08
인천광역시,22.08,2.21,110.93,2021-09
인천광역시,15.65,2.25,44.12,2021-10
인천광역시,8.8,2.58,71.41,2021-11
인천광역시,1.66,2.91,6.0,2021-12
인천광역시,-1.81,2.52,3.08,2022-01
인천광역시,-1.06,2.95,1.62,2022-02
인천광역시,5.93,2.49,68.7,2022-03
인천광역시,11.64,2.55,18.5,2022-04
인천광역시,15.89,2.7,5.18,2022-05
인천광역시,20.7,2.69,230.76,2022-06
인천광역시,25.29,2.07,211.43,2022-07
인천광역시,24.6,2.47,423.3,2022-08
인천광역시,21.27,2.49,118.57,2022-09
인천광역시,13.97,2.73,111.84,2022-10
인천광역시,10.04,2.71,57.82,2022-11
인천광역시,-2.08,2.64,11.11,2022-12
인천광역시,-1.38,2.82,36.42,2023-01
인천광역시,1.29,2.48,0.68,2023-02
인천광역시,6.94,2.85,5.48,2023-03
인천광역시,11.51,3.0,70.44,2023-04
인천광역시,16.55,2.46,122.29,2023-05
인천광역시,20.61,2.32,121.06,2023-06
인천광역시,24.78,2.48,327.04,2023-07
인천광역시,25.85,2.17,212.47,2023-08
인천광역시,22.88,1.98,80.73,2023-09
인천광역시,16.17,2.5,18.17,2023-10
인천광역시,7.47,3.62,73.38,2023-11
인천광역시,1.46,2.94,65.57,2023-12
인천광역시,-0.23,2.75,13.96,2024-01
인천광역시,2.92,2.75,54.18,2024-02
인천광역시,5.83,3.22,20.51,2024-03
인천광역시,12.98,2.21,40.95,2024-04
인천광역시,15.75,2.67,98.29,2024-05
인천광역시,21.28,2.28,70.4,2024-06
인천광역시,24.79,3.13,328.99,2024-07
인천광역시,27.75,2.06,77.57,2024-08
인천광역시,24.49,2.16,140.67,2024-09
인천광역시,16.56,2.43,60.95,2024-10
전라남도,2.24,2.91,11.56,2019-01
전라남도,3.66,2.85,34.14,2019-02
전라남도,7.82,2.88,46.19,2019-03
전라남도,11.9,2.24,87.13,2019-04
전라남도,17.43,2.36,130.25,2019-05
전라남도,20.55,1.82,210.77,2019-06
전라남도,23.94,2.18,251.03,2019-07
전라남도,25.79,1.89,139.54,2019-08
전라남도,22.07,2.1,278.71,2019-09
전라남도,16.62,2.25,192.47,2019-10
전라남도,10.76,2.57,21.02,2019-11
전라남도,4.82,2.61,35.36,2019-12
전라남도,4.65,2.77,77.65,2020-01
전라남도,5.16,2.72,38.39,2020-02
전라남도,8.25,3.02,42.78,2020-03
전라남도,10.61,3.01,64.61,2020-04
전라남도,17.1,2.53,147.37,2020-05
전라남도,21.7,2.05,279.81,2020-06
전라남도,22.41,2.09,374.08,2020-07
전라남도,26.68,2.48,278.84,2020-08
전라남도,20.96,2.03,214.91,2020-09
전라남도,15.26,2.24,19.15,2020-10
전라남도,10.57,2.71,21.12,2020-11
전라남도,2.8,2.52,15.55,2020-12
전라남도,1.84,2.69,36.6,2021-01
전라남도,4.95,3.04,33.95,2021-02
전라남도,9.41,2.61,128.55,2021-03
전라남도,13.34,2.82,61.92,2021-04
전라남도,17.02,2.52,124.24,2021-05
전라남도,21.84,2.08,117.44,2021-06
전라남도,25.93,2.21,342.35,2021-07
전라남도,25.65,1.89,225.64,2021-08
전라남도,22.49,2.33,121.5,2021-09
전라남도,16.86,2.2,24.81,2021-10
전라남도,10.2,2.46,60.44,2021-11
전라남도,4.34,2.9,6.03,2021-12
전라남도,1.73,2.8,3.06,2022-01
전라남도,1.85,3.25,1.36,2022-02
전라남도,8.54,2.7,102.69,2022-03
전라남도,13.59,2.32,88.3,2022-04
전라남도,17.41,2.2,3.73,2022-05
전라남도,22.11,2.64,94.31,2022-06
전라남도,25.92,2.28,178.77,2022-07
전라남도,25.92,2.13,110.66,2022-08
전라남도,21.94,2.44,149.03,2022-09
전라남도,15.25,2.63,28.66,2022-10
전라남도,11.24,2.37,52.55,2022-11
전라남도,1.85,2.9,16.57,2022-12
전라남도,2.02,2.91,49.16,2023-01
전라남도,3.81,2.63,29.35,2023-02
전라남도,9.49,2.42,36.09,2023-03
전라남도,13.06,2.65,94.88,2023-04
전라남도,17.53,2.36,238.01,2023-05
전라남도,21.77,2.23,204.4,2023-06
전라남도,25.27,2.24,555.06,2023-07
전라남도,26.72,1.92,242.4,2023-08
전라남도,23.51,1.73,162.78,2023-09
전라남도,16.3,2.07,9.48,2023-10
전라남도,10.04,2.98,78.86,2023-11
전라남도,5.04,2.66,70.38,2023-12
전라남도,3.31,2.88,42.0,2024-01
전라남도,5.96,2.73,128.91,2024-02
전라남도,7.82,2.92,78.87,2024-03
전라남도,14.7,2.03,118.71,2024-04
전라남도,17.6,2.48,139.0,2024-05
전라남도,21.96,2.03,189.29,2024-06
전라남도,26.11,2.62,268.22,2024-07
전라남도,27.93,1.81,82.52,2024-08
전라남도,25.73,1.9,222.83,2024-09
전라남도,17.71,2.19,126.95,2024-10
전라북도,-0.89,1.98,10.47,2019-01
전라북도,1.03,2.09,33.69,2019-02
전라북도,5.73,2.34,33.97,2019-03
전라북도,10.57,1.79,96.47,2019-04
전라북도,16.57,2.02,63.86,2019-05
전라북도,20.05,1.52,97.94,2019-06
전라북도,23.72,1.83,241.22,2019-07
전라북도,25.13,1.46,143.33,2019-08
전라북도,21.02,1.75,214.3,2019-09
전라북도,14.86,1.78,121.34,2019-10
전라북도,8.2,2.05,54.75,2019-11
전라북도,2.39,2.0,30.99,2019-12
전라북도,2.04,1.94,83.95,2020-01
전라북도,2.62,2.15,61.02,2020-02
전라북도,6.41,2.57,32.91,2020-03
전라북도,8.89,2.6,33.45,2020-04
전라북도,16.59,2.17,92.28,2020-05
전라북도,21.6,1.81,195.29,2020-06
전라북도,22.1,1.72,528.39,2020-07
전라북도,26.0,2.18,503.08,2020-08
전라북도,19.55,2.01,241.4,2020-09
전라북도,13.05,1.93,5.63,2020-10
전라북도,7.98,2.22,52.93,2020-11
전라북도,0.11,2.18,11.25,2020-12
전라북도,-1.38,2.3,28.63,2021-01
전라북도,2.53,2.72,23.67,2021-02
전라북도,7.54,2.16,97.42,2021-03
전라북도,12.17,2.39,41.36,2021-04
전라북도,15.79,2.33,117.46,2021-05
전라북도,21.13,1.79,101.69,2021-06
전라북도,25.3,1.72,237.91,2021-07
전라북도,24.33,1.65,344.1,2021-08
전라북도,21.09,1.91,126.84,2021-09
전라북도,14.61,1.77,41.9,2021-10
전라북도,7.96,2.16,81.49,2021-11
전라북도,1.77,2.49,10.09,2021-12
전라북도,-1.38,2.11,2.87,2022-01
전라북도,-0.98,2.53,4.55,2022-02
전라북도,6.56,2.39,86.94,2022-03
전라북도,12.32,2.14,64.45,2022-04
전라북도,16.48,2.19,5.74,2022-05
전라북도,21.88,2.37,168.2,2022-06
전라북도,25.34,1.88,155.38,2022-07
전라북도,24.88,2.04,231.93,2022-08
전라북도,20.53,2.07,98.58,2022-09
전라북도,13.18,2.04,54.54,2022-10
전라북도,8.97,1.97,71.09,2022-11
전라북도,-1.62,2.25,31.59,2022-12
전라북도,-0.89,2.34,28.23,2023-01
전라북도,1.3,2.02,7.93,2023-02
전라북도,7.89,2.31,27.52,2023-03
전라북도,12.03,2.44,58.64,2023-04
전라북도,17.12,2.06,237.76,2023-05
전라북도,21.45,2.0,205.71,2023-06
전라북도,25.01,2.08,689.26,2023-07
전라북도,25.87,1.73,266.61,2023-08
전라북도,22.01,1.52,204.34,2023-09
전라북도,14.23,1.83,16.96,2023-10
전라북도,7.66,2.66,90.08,2023-11
전라북도,2.55,2.25,130.16,2023-12
전라북도,0.75,2.32,46.08,2024-01
전라북도,3.89,2.07,113.05,2024-02
전라북도,5.97,2.57,72.64,2024-03
전라북도,13.84,1.84,67.92,2024-04
전라북도,16.83,2.13,108.29,2024-05
전라북도,21.69,1.89,99.28,2024-06
전라북도,25.82,2.5,386.55,2024-07
전라북도,27.29,1.69,76.63,2024-08
전라북도,24.62,1.54,183.71,2024-09
전라북도,15.58,1.78,81.11,2024-10
제주도,3.71,3.99,23.48,2019-01
제주도,5.24,3.7,72.52,2019-02
제주도,8.3,3.81,92.14,2019-03
제주도,12.46,3.0,84.38,2019-04
제주도,16.95,3.11,377.64,2019-05
제주도,19.08,2.52,240.35,2019-06
제주도,22.43,2.97,596.15,2019-07
제주도,24.53,2.82,410.25,2019-08
제주도,21.54,3.3,792.01,2019-09
제주도,16.69,3.46,213.47,2019-10
제주도,11.83,3.51,52.6,2019-11
제주도,6.88,3.82,93.76,2019-12
제주도,6.06,3.9,163.16,2020-01
제주도,6.42,3.82,82.17,2020-02
제주도,8.94,3.81,112.06,2020-03
제주도,10.39,3.84,94.97,2020-04
제주도,16.62,3.25,225.58,2020-05
제주도,20.66,2.75,372.0,2020-06
제주도,21.84,2.82,453.31,2020-07
제주도,25.88,3.49,341.41,2020-08
제주도,20.02,3.16,705.87,2020-09
제주도,15.41,3.32,49.76,2020-10
제주도,11.55,3.62,39.53,2020-11
제주도,4.85,3.7,52.45,2020-12
제주도,4.19,4.14,100.17,2021-01
제주도,6.78,4.34,84.69,2021-02
제주도,10.23,3.66,232.51,2021-03
제주도,12.96,3.96,172.25,2021-04
제주도,16.63,3.36,232.04,2021-05
제주도,20.77,2.73,240.51,2021-06
제주도,24.66,3.42,360.63,2021-07
제주도,24.29,2.83,442.11,2021-08
제주도,22.16,3.55,601.05,2021-09
제주도,17.21,3.18,57.13,2021-10
제주도,10.86,3.69,113.83,2021-11
제주도,5.82,4.06,39.87,2021-12
제주도,3.47,3.91,39.99,2022-01
제주도,2.44,4.24,25.99,2022-02
제주도,9.19,3.73,226.76,2022-03
제주도,13.32,3.0,153.91,2022-04
제주도,16.56,2.83,23.53,2022-05
제주도,20.76,3.41,264.99,2022-06
제주도,24.99,3.09,337.66,2022-07
제주도,25.6,3.02,204.32,2022-08
제주도,21.71,3.94,440.15,2022-09
제주도,15.55,3.76,36.25,2022-10
제주도,12.6,3.45,127.44,2022-11
제주도,4.16,4.26,44.25,2022-12
제주도,3.88,4.14,106.68,2023-01
제주도,5.4,3.72,88.61,2023-02
제주도,10.06,3.26,59.21,2023-03
제주도,13.05,4.17,209.41,2023-04
제주도,16.68,3.28,538.74,2023-05
제주도,20.46,2.81,355.05,2023-06
제주도,24.74,3.26,467.3,2023-07
제주도,25.37,2.9,338.6,2023-08
제주도,23.13,2.65,195.15,2023-09
제주도,16.18,3.15,17.63,2023-10
제주도,10.91,3.88,108.7,2023-11
제주도,6.69,3.83,123.52,2023-12
제주도,5.06,4.04,98.48,2024-01
제주도,7.28,3.98,292.49,2024-02
제주도,8.28,3.91,145.35,2024-03
제주도,14.4,2.94,196.95,2024-04
제주도,16.54,3.31,295.01,2024-05
제주도,20.28,2.78,442.54,2024-06
제주도,25.35,3.64,255.31,2024-07
제주도,26.42,2.58,142.81,2024-08
제주도,24.61,3.14,321.62,2024-09
제주도,18.36,3.63,194.0,2024-10
충청남도,-0.34,2.14,1.03,2019-01
충청남도,0.92,2.14,24.15,2019-02
충청남도,5.81,2.56,30.99,2019-03
충청남도,10.59,2.1,59.06,2019-04
충청남도,16.78,2.32,28.26,2019-05
충청남도,20.18,1.73,61.78,2019-06
충청남도,24.08,2.37,171.72,2019-07
충청남도,25.79,1.79,122.04,2019-08
충청남도,21.52,2.23,126.4,2019-09
충청남도,15.79,2.11,64.19,2019-10
충청남도,8.62,2.23,99.97,2019-11
충청남도,2.86,2.4,26.69,2019-12
충청남도,2.49,2.2,56.46,2020-01
충청남도,2.89,2.26,69.45,2020-02
충청남도,6.63,2.7,22.11,2020-03
충청남도,9.57,2.81,16.72,2020-04
충청남도,16.41,2.3,90.76,2020-05
충청남도,21.43,1.98,143.33,2020-06
충청남도,22.49,2.07,349.63,2020-07
충청남도,25.99,2.67,348.75,2020-08
충청남도,20.54,2.42,178.58,2020-09
충청남도,13.88,2.15,11.29,2020-10
충청남도,8.44,2.38,42.86,2020-11
충청남도,0.81,2.45,5.12,2020-12
충청남도,-1.33,2.59,21.51,2021-01
충청남도,2.55,2.92,10.31,2021-02
충청남도,7.24,2.26,83.09,2021-03
충청남도,12.16,2.57,58.02,2021-04
충청남도,15.54,2.54,119.48,2021-05
충청남도,21.08,2.0,62.71,2021-06
충청남도,25.82,1.92,135.3,2021-07
충청남도,24.72,1.93,218.22,2021-08
충청남도,21.77,2.47,172.61,2021-09
충청남도,15.53,2.22,39.04,2021-10
충청남도,8.92,2.56,88.86,2021-11
충청남도,2.17,2.73,9.81,2021-12
충청남도,-1.12,2.47,4.5,2022-01
충청남도,-0.56,2.83,2.43,2022-02
충청남도,6.37,2.62,62.58,2022-03
충청남도,12.02,2.49,48.29,2022-04
충청남도,16.64,2.6,4.88,2022-05
충청남도,21.83,2.84,161.71,2022-06
충청남도,25.69,2.05,143.93,2022-07
충청남도,25.04,2.58,425.02,2022-08
충청남도,21.15,2.44,98.54,2022-09
충청남도,13.84,2.22,105.59,2022-10
충청남도,9.7,2.18,44.43,2022-11
충청남도,-1.44,2.62,20.63,2022-12
충청남도,-0.68,2.71,25.08,2023-01
충청남도,1.53,2.23,1.38,2023-02
충청남도,7.62,2.63,7.88,2023-03
충청남도,12.03,2.71,41.4,2023-04
충청남도,17.18,2.32,166.43,2023-05
충청남도,21.43,2.1,111.18,2023-06
충청남도,25.04,2.29,575.85,2023-07
충청남도,26.01,1.92,211.62,2023-08
충청남도,22.48,1.8,214.26,2023-09
충청남도,15.27,2.17,16.9,2023-10
충청남도,8.03,3.22,70.43,2023-11
충청남도,2.54,2.78,98.22,2023-12
충청남도,0.59,2.76,30.49,2024-01
충청남도,3.65,2.65,90.91,2024-02
충청남도,6.11,2.92,34.42,2024-03
충청남도,13.61,2.03,47.77,2024-04
충청남도,16.28,2.44,114.76,2024-05
충청남도,21.64,2.0,93.53,2024-06
충청남도,25.63,2.99,490.33,2024-07
충청남도,27.77,1.83,87.88,2024-08
충청남도,24.88,1.97,209.78,2024-09
충청남도,16.32,2.29,92.38,2024-10
충청북도,-2.64,1.21,0.62,2019-01
충청북도,0.19,1.23,27.05,2019-02
충청북도,5.72,1.53,29.17,2019-03
충청북도,10.98,1.47,61.95,2019-04
충청북도,17.71,1.52,24.12,2019-05
충청북도,21.06,1.09,70.92,2019-06
충청북도,24.35,1.22,188.37,2019-07
충청북도,25.34,1.13,101.55,2019-08
충청북도,20.61,1.06,153.9,2019-09
충청북도,13.77,1.03,88.24,2019-10
충청북도,6.28,1.1,84.98,2019-11
충청북도,0.06,1.14,21.02,2019-12
충청북도,0.6,1.18,59.65,2020-01
충청북도,1.57,1.39,61.82,2020-02
충청북도,6.64,1.71,19.86,2020-03
충청북도,9.69,2.01,19.0,2020-04
충청북도,17.36,1.48,93.06,2020-05
충청북도,22.8,1.27,136.61,2020-06
충청북도,22.57,1.15,401.76,2020-07
충청북도,25.71,1.11,476.9,2020-08
충청북도,19.03,1.25,178.42,2020-09
충청북도,11.51,1.07,9.35,2020-10
충청북도,6.35,1.32,45.17,2020-11
충청북도,-2.4,1.24,4.27,2020-12
충청북도,-3.63,1.46,10.56,2021-01
충청북도,1.54,1.82,8.92,2021-02
충청북도,7.65,1.56,79.9,2021-03
충청북도,12.58,1.76,60.55,2021-04
충청북도,15.71,1.53,162.55,2021-05
충청북도,21.61,1.17,95.52,2021-06
충청북도,25.79,1.12,237.1,2021-07
충청북도,23.82,1.05,251.03,2021-08
충청북도,20.27,1.26,201.33,2021-09
충청북도,13.33,1.0,41.54,2021-10
충청북도,6.22,1.34,51.67,2021-11
충청북도,-0.53,1.5,4.01,2021-12
충청북도,-3.61,1.27,0.89,2022-01
충청북도,-2.34,1.87,3.78,2022-02
충청북도,6.28,1.59,81.59,2022-03
충청북도,12.81,1.55,56.39,2022-04
충청북도,17.27,1.62,8.64,2022-05
충청북도,22.35,1.53,185.35,2022-06
충청북도,25.59,1.18,216.59,2022-07
충청북도,24.44,1.18,422.92,2022-08
충청북도,19.87,1.26,108.43,2022-09
충청북도,12.22,1.12,90.84,2022-10
충청북도,7.28,1.09,54.94,2022-11
충청북도,-4.65,1.29,11.53,2022-12
충청북도,-3.21,1.38,21.76,2023-01
충청북도,0.5,1.31,2.38,2023-02
충청북도,8.01,1.52,20.7,2023-03
충청북도,12.3,1.74,40.36,2023-04
충청북도,17.56,1.38,144.67,2023-05
충청북도,22.27,1.35,192.3,2023-06
충청북도,25.15,1.07,567.1,2023-07
충청북도,25.91,1.13,290.13,2023-08
충청북도,21.62,0.96,216.86,2023-09
충청북도,12.66,0.99,22.42,2023-10
충청북도,5.82,1.65,45.04,2023-11
충청북도,0.16,1.47,94.52,2023-12
충청북도,-1.31,1.48,26.31,2024-01
충청북도,2.7,1.47,73.16,2024-02
충청북도,5.68,1.85,46.14,2024-03
충청북도,14.68,1.39,48.01,2024-04
충청북도,16.95,1.48,121.33,2024-05
충청북도,22.34,1.27,118.63,2024-06
충청북도,25.83,1.41,449.82,2024-07
충청북도,27.35,1.1,67.85,2024-08
충청북도,23.9,1.08,233.7,2024-09
충청북도,14.42,1.12,109.71,2024-10
